<?xml version="1.0" encoding="UTF-8"?>
<beans xmlns="http://www.springframework.org/schema/beans"
	xmlns:mvc="http://www.springframework.org/schema/mvc" 
	xmlns:context="http://www.springframework.org/schema/context"
	xmlns:xsi="http://www.w3.org/2001/XMLSchema-instance"
	xsi:schemaLocation="
        http://www.springframework.org/schema/beans     
        http://www.springframework.org/schema/beans/spring-beans.xsd
        http://www.springframework.org/schema/mvc 
        http://www.springframework.org/schema/mvc/spring-mvc.xsd
        http://www.springframework.org/schema/context 
        http://www.springframework.org/schema/context/spring-context.xsd">

	<context:component-scan base-package="com.csc.controller" />
	<context:component-scan base-package="com.csc.dao" />
	<context:component-scan base-package="com.csc.daoimpl" />
	<context:component-scan base-package="com.csc.utils" />

	<bean class="org.springframework.web.servlet.view.InternalResourceViewResolver">
		<property name="prefix">
			<value>/WEB-INF/jsp/</value>
		</property>
		<property name="suffix">
			<value>.jsp</value>
		</property>
	</bean>
	
	<mvc:annotation-driven
		enable-matrix-variables="true" />
	<mvc:resources location="/assest/"
		mapping="/assest/**" />
			<mvc:resources location="/doctorpage/"
		mapping="/doctorpage/**" />
	<bean name="dataSource"
		class="org.springframework.jdbc.datasource.DriverManagerDataSource">
		<property name="driverClassName"
			value="com.mysql.jdbc.Driver" />
		<property name="url"
			value="jdbc:mysql://localhost:3306/ppm" />
		<property name="username" value="root" />
		<property name="password" value="root" />
	</bean>

	<bean name="sessionFactory" class="org.springframework.orm.hibernate4.LocalSessionFactoryBean">
		<property name="dataSource" ref="dataSource"></property>
		<property name="annotatedClasses">
			<list>
				<value>com.csc.model.User</value>
				<value>com.csc.model.Role</value>
				<value>com.csc.model.Medicine</value>
				<value>com.csc.model.Treatment</value>
				<value>com.csc.model.Patient</value>
			</list>
		</property>
		<property name="hibernateProperties">
			<props>
				<prop key="hibernate.dialect">
					org.hibernate.dialect.MySQL5Dialect
				</prop>
				<prop key="hibernate.format_sql">true</prop>
				<prop key="hibernate.show_sql">true</prop>
			</props>
		</property>
	</bean>
	
	<bean name="userDao" class="com.csc.daoimpl.UserDaoImpl">
		<property name="sessionFactory" ref="sessionFactory"></property>
	</bean>
	
	<bean name="patientDao" class="com.csc.daoimpl.PatientDaoImpl">
		<property name="sessionFactory" ref="sessionFactory"></property>
	</bean>
	<bean name="treatmentDao" class="com.csc.daoimpl.TreatmentDaoImpl">
		<property name="sessionFactory" ref="sessionFactory"></property>
	</bean>
	


</beans>
